class_id,class,objects,images,objects_train,objects_valid,objects_test
0,apple,1009,935,939,44,26
1,banana,1499,1499,1452,41,6
2,beef,882,882,827,24,31
3,blueberries,1294,1294,1240,33,21
4,bread,709,709,640,41,28
5,butter,1310,1310,1266,32,12
6,carrot,1489,1314,1436,37,16
7,cheese,1915,1915,1836,49,30
8,chicken,1402,1402,1342,27,33
9,chicken_breast,698,698,638,35,25
10,chocolate,472,472,434,29,9
11,corn,1483,1483,1417,48,18
12,eggs,1055,1055,948,60,47
13,flour,1738,1426,1634,58,46
14,goat_cheese,802,802,791,11,0
15,green_beans,1461,1461,1389,47,25
16,ground_beef,786,786,740,22,24
17,ham,622,622,615,7,0
18,heavy_cream,1316,1316,1266,44,6
19,lime,1229,1126,1181,28,20
20,milk,1473,1167,1381,48,44
21,mushrooms,1399,1399,1330,56,13
22,onion,1380,1380,1317,42,21
23,potato,1849,1849,1762,64,23
24,shrimp,1561,1561,1504,42,15
25,spinach,1377,1377,1328,38,11
26,strawberries,1976,1976,1901,51,24
27,sugar,1988,1640,1898,78,12
28,sweet_potato,1347,1226,1303,32,12
29,tomato,2027,2026,1956,59,12
