md5,files
4c6be7a7015055825020893b66796a2c,train/DSC_5682_JPG_jpg.rf.af1284fa061a949e81568e4342092d76.jpg | train/DSC_5682_JPG_jpg.rf.f834b31179733679e673f96f6eaa16c2.jpg
9f3306eb82a65b32b40ecf6e4e959efd,train/DSC_5687_JPG_jpg.rf.be07027d3d7f35405c135514ba795d77.jpg | train/DSC_5687_JPG_jpg.rf.cbbc0144cfa5c39db2557a41ffe0cabc.jpg
a6a52eb7cf4071e453c4089daa4a272c,train/DSC_5690_JPG_jpg.rf.44120696ddcb15095e47614ae80ad753.jpg | train/DSC_5690_JPG_jpg.rf.9a31f742ab45d1febb3f34d7400bae26.jpg
ebfe8e3dc50b0636ae4dda131012e1ec,train/DSC_5693_JPG_jpg.rf.83738b596411e0e28a98f1c8b2753bc5.jpg | train/DSC_5693_JPG_jpg.rf.dab05fd787510e4b42fe7010d53d0438.jpg
1e58f5a03268aa762d69746209fd64e4,train/DSC_5694_JPG_jpg.rf.0ca395983f2d3138a2fa89e367ca5dcc.jpg | train/DSC_5694_JPG_jpg.rf.681cbca1d151d66ac7bcb33f2c7c9947.jpg
c6e68a7f0e308a81aed324eac2903b8a,train/DSC_5706_JPG_jpg.rf.0f4ab0b07057ce967f070bd9dab0d325.jpg | train/DSC_5706_JPG_jpg.rf.dec603a734c32904217bafa0042fd579.jpg
bf7d66f10b82d39218b95fcf23e2e540,train/DSC_5712_JPG_jpg.rf.68f78a56588b6022c60b60fb2426e2b9.jpg | train/DSC_5712_JPG_jpg.rf.d7a00368377238f4497d381cbe5bf9c6.jpg
220ad37515d78496f45b19e287a64962,train/DSC_5716_JPG_jpg.rf.b7ff5a6fbe41a8de6124da712b857661.jpg | train/DSC_5716_JPG_jpg.rf.d407076768425ab86d13bdacc4e3cd94.jpg
80bb947004491de9b2be3631ca7c5432,train/DSC_5717_JPG_jpg.rf.5069391a1ac2f0a2d2a8f1c2b1a048e4.jpg | train/DSC_5717_JPG_jpg.rf.e444125de22fa078f8b9c9568057c1ef.jpg
0eb929a6c4691837f4eb97fa3090f01f,train/DSC_5719_JPG_jpg.rf.3bf8f08ac638c917002e1629d8fdf837.jpg | train/DSC_5719_JPG_jpg.rf.3d935b8ac9bd0ede27e3b05f8b96a6a3.jpg
366058ee166734335950b0dc34864e55,train/DSC_5720_JPG_jpg.rf.0c770e88c141e8b30fcd39393c29e902.jpg | train/DSC_5720_JPG_jpg.rf.3724552bd887ce5c2c02bd1f8c754f07.jpg
73061213f196e38143195e7f4431eb89,train/DSC_5726_JPG_jpg.rf.7163b087856441917e10561d26167e19.jpg | train/DSC_5726_JPG_jpg.rf.b633c784efa8edf264697ce8ac42f0d5.jpg
8c6ea6967a1c8a81b27efa92db1848ec,train/DSC_5727_JPG_jpg.rf.7c77eaa3217f45544c4564724dcbe404.jpg | train/DSC_5727_JPG_jpg.rf.879b2d2c4aba6a8eef75ed9cf9a66ea0.jpg
d06a7bb5e9e6cb9b09909b391bcf2c24,train/DSC_5739_JPG_jpg.rf.0f27ec26df4206a8d9baa24d27b2ca07.jpg | train/DSC_5739_JPG_jpg.rf.dc5868658aceeee854d086ba4c8457de.jpg
85fdb809788f8276c8ae3a30e65f3eb1,train/DSC_5742_JPG_jpg.rf.d2b31065fb046b4b5dd8a150088c6cc5.jpg | train/DSC_5742_JPG_jpg.rf.f0c657242354d0c0a1c91a2e466ec9ce.jpg
5187dff19c97397b76ea02180c1d6d7e,train/DSC_5752_JPG_jpg.rf.0556371af7dcdc592fa70b47d7efefcb.jpg | train/DSC_5752_JPG_jpg.rf.4fdf3a092669cbde5f0964a05d814599.jpg
15e63c2f1aa5cc697ba6307d240f57ff,train/DSC_5752_JPG_jpg.rf.73b525760cdcad2f7156ca149f2c87a3.jpg | train/DSC_5752_JPG_jpg.rf.a904194293bf299a071504e73cd27b59.jpg
5fd52f083b83d2fe20a70949bc8872ea,train/DSC_5759_JPG_jpg.rf.2d79bb661b5f7d40fead9e096f2c627b.jpg | train/DSC_5759_JPG_jpg.rf.9463ebc22421767e5dddae84d0ea8610.jpg
f5cecc3e9b2bc478d52b7e06a5d8621c,train/DSC_5762_JPG_jpg.rf.3126db07a01e74920c73d9514ff22fc5.jpg | train/DSC_5762_JPG_jpg.rf.84ffbc47242445eee2531863eb141563.jpg
ce8d771f5c4fc07013a4980da2965cc5,train/DSC_5764_JPG_jpg.rf.c54877a9b0e90b6578f18dc48319301c.jpg | train/DSC_5764_JPG_jpg.rf.e5c25c86e41cc0118d2ece00bb98a311.jpg
b8e71c2c1b15859cb73a8e2c13d3182e,train/DSC_5768_JPG_jpg.rf.7f480854d53ba74b21a0ddff517ac534.jpg | train/DSC_5768_JPG_jpg.rf.d0b2fc3068c1c3f2451db01cd4643ef0.jpg
a1f3e8f8a04ede5623777d73930d4753,train/DSC_5771_JPG_jpg.rf.47ce80bb5eca7847cac7e5075bfb2a07.jpg | train/DSC_5771_JPG_jpg.rf.8d539540ab9a254c5ad5b3c50d3d9934.jpg
3b62a81c66ef5eed18283bf2461c2930,train/DSC_5773_JPG_jpg.rf.14e386e489c37f1872b075d0fe04595b.jpg | train/DSC_5773_JPG_jpg.rf.cb5598a750c1b252574fcb98eb5b88d4.jpg
c6c66075766c83bd332b7baba652f02c,train/DSC_5779_JPG_jpg.rf.3b317913b71608656c33d414da34738b.jpg | train/DSC_5779_JPG_jpg.rf.fd7aacb528a95ced36e4294e1d094164.jpg
1bdcd4c5d151ff663121917131c20629,train/DSC_5784_JPG_jpg.rf.2c7e225d3bf49c7f4745738b55c9ce9f.jpg | train/DSC_5784_JPG_jpg.rf.d6b080545cf4c18e644ecbb9028b11e6.jpg
4065cf95b5893558b8bdffc8fa88002f,train/DSC_5784_JPG_jpg.rf.dc62e8384318f7b4f6bea2d02f633d7c.jpg | train/DSC_5784_JPG_jpg.rf.de96a7a3698c27556bc20af24f6aa123.jpg
6e97f720d4852f85e00df7e02ca4d4a5,train/DSC_5791_JPG_jpg.rf.26b3cfd7ce9defd1eaaa59bfec40294c.jpg | train/DSC_5791_JPG_jpg.rf.39860e85a139530168bc8b9e14a385e1.jpg
bba10476dae3b858ee14332461e5e5ed,train/DSC_5799_JPG_jpg.rf.9c9fa084b8cba134aaaae88f90a53018.jpg | train/DSC_5799_JPG_jpg.rf.cd89012303a05346340edcd5fc878268.jpg
911f51c37968e4c104508a5e0095ee19,train/DSC_5801_JPG_jpg.rf.200e8d2d04e94160175dc1645210d158.jpg | train/DSC_5801_JPG_jpg.rf.4556f36ca08d398badb212e3c6234f09.jpg
965d9095ea9c3078fcaad2593a5b1498,train/DSC_5805_JPG_jpg.rf.2d0db0264cb6c8871ba9141115fbe5bb.jpg | train/DSC_5805_JPG_jpg.rf.62eac8565acd6e7441b059d7c5564e2d.jpg
d79b53e2717b83c8713374d1244ca21c,train/DSC_5807_JPG_jpg.rf.04ef2714e6699fac7c47ae7ddc210a17.jpg | train/DSC_5807_JPG_jpg.rf.e0c9ce137fb08ba18d8863018a4a765d.jpg
3cdb0c832b9972e8bc56095c91954af7,train/DSC_5815_JPG_jpg.rf.42987b3a953b87331f65240e3d181da8.jpg | train/DSC_5815_JPG_jpg.rf.5dd4f182372352c99b03cfee54bcd4dc.jpg
587d77083967545f8b0425ef8925aa55,train/DSC_5820_JPG_jpg.rf.b84d4f3029f828906f04219bdb8b7405.jpg | train/DSC_5820_JPG_jpg.rf.e98d2cc1dc2adffea2a459dc9317fd14.jpg
b3d36872a61156638f1b72f5cb8af620,train/DSC_5826_JPG_jpg.rf.5c2889ea4148275c4360ca6ebb618230.jpg | train/DSC_5826_JPG_jpg.rf.929264a8d02bfe26f11a587c2746d46f.jpg
e514e03c72d6af7a68a623a8b7b6651f,train/DSC_5828_JPG_jpg.rf.3024773e97fdbf96061bb801a5a5ea9d.jpg | train/DSC_5828_JPG_jpg.rf.709cbaa23a9e7f7605b458a04ec2c9ab.jpg
1dd09bafe633fed78bba41659cb66705,train/DSC_5831_JPG_jpg.rf.2ed3b8d14c59d7e672a5d3fc60ac0236.jpg | train/DSC_5831_JPG_jpg.rf.8a82a26fad46d86956454452e16a5967.jpg
955190df001618a675eed7a57251cfc3,train/DSC_5835_JPG_jpg.rf.96027be2d4d76f4745736212088e96d6.jpg | train/DSC_5835_JPG_jpg.rf.eedd505c0e6214b9a19af4367948aeef.jpg
c77e0b5e763b619c7703861c9ad2b6b8,train/DSC_5838_JPG_jpg.rf.a6df14992d68cdfb5cf56c0f825425e9.jpg | train/DSC_5838_JPG_jpg.rf.b37cd4a7003c74f6f1ce3a7f95f4f478.jpg
c4123a78302f602447d3fd2da49ee432,train/DSC_5839_JPG_jpg.rf.5025f0cbba71fac41f5293662eb5ca7e.jpg | train/DSC_5839_JPG_jpg.rf.fb1bd50be69e5e3c66a62376025280e0.jpg
cce287f6a0876d015c75f25487346054,train/DSC_5844_JPG_jpg.rf.3462444be82d673e9a3ae671e39728af.jpg | train/DSC_5844_JPG_jpg.rf.40f1e4fb6843bba2aba723f26c80b179.jpg
adffb354131f8c387785767f2e1093b0,train/DSC_5844_JPG_jpg.rf.667946371fd0a449722a6d8e39a465c1.jpg | train/DSC_5844_JPG_jpg.rf.7b95b621581b101669d98636b9caf5e8.jpg
94cec10c203725c3d1542f2e99e33253,train/DSC_5845_JPG_jpg.rf.11eef8585c44e66ee6fab0bcdb789abe.jpg | train/DSC_5845_JPG_jpg.rf.dc054e30fc116f492f0746c7e2b3b5ed.jpg
83383126416bd0739a41e9bb60cef708,train/DSC_5849_JPG_jpg.rf.1c706163f138eaeff107173b7b1afa7a.jpg | train/DSC_5849_JPG_jpg.rf.eef030569b6d7b34120bfb75541b9e98.jpg
49d89e6e6c687eed6bcdfb574f3f7512,train/DSC_5850_JPG_jpg.rf.3fd695d6cace8c6c71563ca063e41d99.jpg | train/DSC_5850_JPG_jpg.rf.bd55dc18bcbe3f32f4e7cff3f0f6a086.jpg
fce1fdfdc8b8f1e2c6c39a81e7133157,train/DSC_5854_JPG_jpg.rf.140d6707e950c572c0aed16bb2f5ee5d.jpg | train/DSC_5854_JPG_jpg.rf.e2f624a479286fe7b2ddbffaa51d2d79.jpg
242a0508a7c288083a3571bccec79921,train/DSC_5861_JPG_jpg.rf.7fa1f3c50c59c26d0e096c95d9424857.jpg | train/DSC_5861_JPG_jpg.rf.87a28d037c01b5bca2ff89f2772ef33f.jpg
7461db35936e09a354ae72df178873da,train/DSC_5874_JPG_jpg.rf.bac331df008505801910fc41c1772866.jpg | train/DSC_5874_JPG_jpg.rf.ca6e7cf0016b15ffb0a0290b15560af5.jpg
e5ba9040666f399c13456f725a2c2ae1,train/DSC_5875_JPG_jpg.rf.2216cc317dddda5eeb11c923d583eac8.jpg | train/DSC_5875_JPG_jpg.rf.7d85c008241a683c04f5eba3af4fe27e.jpg
39a66ec4fa82e029aece9fcd2e6183e9,train/DSC_5876_JPG_jpg.rf.2067a321a88a1d654b1f459ac93d8093.jpg | train/DSC_5876_JPG_jpg.rf.3877ab3f3797fc81dd180699e41c4ba3.jpg
6e47773c38498902ea560283b964cd99,train/DSC_5880_JPG_jpg.rf.91ffcfc427e9f9ac301da06883580248.jpg | train/DSC_5880_JPG_jpg.rf.e6d16489d39b24647391eb10363f6ac3.jpg
eec74af984b21fe3081d4ab4d7015d66,train/DSC_5881_JPG_jpg.rf.20d8b58b1d464b7abf28e7976867d1d1.jpg | train/DSC_5881_JPG_jpg.rf.788f5ae3dc751413a5bb28f08277ebcd.jpg
474941d89f1fa1c736cef40cd59a1ee8,train/DSC_5881_JPG_jpg.rf.4be6d81e5857809a5b0ba20d6c75ecb9.jpg | train/DSC_5881_JPG_jpg.rf.d984fe023139e449cc8368bf548c7750.jpg
bc4bfdb7ab2957ebc2daffbde1d44c4d,train/DSC_5884_JPG_jpg.rf.31d66c41537a17d863ec816321d87d7a.jpg | train/DSC_5884_JPG_jpg.rf.3e6dc7ac9dc51a101127b4279d0a99a6.jpg
409003da83b6f76ab5a652b00e8a49d5,train/DSC_5884_JPG_jpg.rf.6f84996f8fb6f66035afdcdd0ece284a.jpg | train/DSC_5884_JPG_jpg.rf.9c46c430fc522d321683563c26f570c5.jpg
e2764f4af22b53eda33605b2931ba090,train/DSC_5884_JPG_jpg.rf.8d0b1cb9ccd51eb8282f151e0df50978.jpg | train/DSC_5884_JPG_jpg.rf.c13a556fbeaf602391326c6c92877b0a.jpg
9d11d2b766e51319602f2f24bebc876e,train/DSC_5890_JPG_jpg.rf.16e8624bccf30432ee7a3e27a2d6fb65.jpg | train/DSC_5890_JPG_jpg.rf.49d8f05142b070b37caac5769f0a4775.jpg
64f042e6fa572b06703ab07ce5b5e3c6,train/DSC_5892_JPG_jpg.rf.508acc5e5c0e59297bacdcb1715f3b94.jpg | train/DSC_5892_JPG_jpg.rf.f4ee94500c4f1ab7ba6d1da184da4feb.jpg
9880d710493d858ae8a6d27fba86450d,train/DSC_5903_JPG_jpg.rf.1b6a613190c8b60187d7e2efeb6e7cb6.jpg | train/DSC_5903_JPG_jpg.rf.5489b9a07bdea7cce6e00b7f24d1934a.jpg
7800d6357f7c05c9c00b59d07975bd6a,train/DSC_5905_JPG_jpg.rf.227ddfef9900fe98d52ccbabb1d66e97.jpg | train/DSC_5905_JPG_jpg.rf.97af07ff28d0cce290ae9a90833d2ad4.jpg
757aaa89c874aa8a02eb77351d586339,train/DSC_5907_JPG_jpg.rf.62fa103585e6ae6ffb7eb84dd8f18c4e.jpg | train/DSC_5907_JPG_jpg.rf.aabf3683b2280df46fbc010a898b4e06.jpg
cc27669203b1224459a6642036216d4a,train/DSC_5916_JPG_jpg.rf.19d9627be1e4bb1073318da288ab7de0.jpg | train/DSC_5916_JPG_jpg.rf.388d6c986f36153e3cfbcf3f49e299dc.jpg
48988ed621364a90e037aae795ae2148,train/DSC_5920_JPG_jpg.rf.a8f6632aa23989a27757c673cedde692.jpg | train/DSC_5920_JPG_jpg.rf.b0c0401003321dfe7e83d011c0347536.jpg
58a3f78734e9d0d9c760ef1e82dc62a7,train/DSC_5923_JPG_jpg.rf.6f81157acd4a8dda13d9bf5fba0edd07.jpg | train/DSC_5923_JPG_jpg.rf.7c058ca54fd5ba8113e25a94280a88fa.jpg
e34cb7af1c2f1df895c2b63761c6afdd,train/DSC_5926_JPG_jpg.rf.06a977b37645336b603c8ec858d27b0b.jpg | train/DSC_5926_JPG_jpg.rf.e08a20fc2fbfa56b2c95f2c68065051f.jpg
6ff4103df6933a960b4c0d95a5d19e6d,train/DSC_5939_JPG_jpg.rf.19824e71e8495676a956800d084189ba.jpg | train/DSC_5939_JPG_jpg.rf.a02fe8ff12391712d631e57d87b18c6c.jpg
90f5606f6ddfd3918c7d435ce21e350e,train/DSC_5946_JPG_jpg.rf.0f16abbcaf47264b1388623841cc48da.jpg | train/DSC_5946_JPG_jpg.rf.e58b5556b7d915226f5964199766bf57.jpg
afe8903d7ad474e4494a101dc13bdcca,train/DSC_5951_JPG_jpg.rf.d24c5349aa0a4a79526f443b31020149.jpg | train/DSC_5951_JPG_jpg.rf.dfbfa4061dfd25ba25ccd699272c2899.jpg
9de72091b732807a539dcccc02fa81ce,train/DSC_5960_JPG_jpg.rf.16f304fd94458d0dd700987619874b3d.jpg | train/DSC_5960_JPG_jpg.rf.8e50a34c8665c7b466e88818743873a7.jpg
ce6875bef6fd39a3d3bcef2b82375949,train/DSC_5971_JPG_jpg.rf.5f7f9b7c70ad4fe10f17dbe711903732.jpg | train/DSC_5971_JPG_jpg.rf.7803476567fb05fcf0039b5e581b18ca.jpg
49ea5974531dd4e56c5331049aed5d5e,train/DSC_5977_JPG_jpg.rf.5fad3ffd49c5527618f1c15c07bdf264.jpg | train/DSC_5977_JPG_jpg.rf.9d742b015aac341bc025a44e0a23ec9a.jpg
f908bb59cc3b0f3ad86b52c989750e80,train/DSC_5980_JPG_jpg.rf.25a08b13f685efc99750519b78cfce07.jpg | train/DSC_5980_JPG_jpg.rf.598dc243e3a177ef9a06a812e8976f96.jpg
cd53fd59c64c290ca6bc57863b12f6fd,train/DSC_5982_JPG_jpg.rf.4638db8ca5f5260bb234a641636a2b0f.jpg | train/DSC_5982_JPG_jpg.rf.ac0b36e29637f8bd2c19fcfc5d22a19d.jpg
3419b0c441ca56b3ef915cd560527973,train/DSC_5984_JPG_jpg.rf.c5f7e1616a65581d4910b4428ece1dfa.jpg | train/DSC_5984_JPG_jpg.rf.cf9e7dc5cde0b1a7f43136a32948dd52.jpg
4750a84e37c75f8c5861efbfedcafa9b,train/DSC_5985_JPG_jpg.rf.55233b68a57553eba7e3557a561acc05.jpg | train/DSC_5985_JPG_jpg.rf.5b1cc06c5f726ce4c47abeed1a7df1d8.jpg
67ab0aad08624aa92189996d4374b494,train/DSC_5997_JPG_jpg.rf.432d1af03341250ceedd7312c84751c6.jpg | train/DSC_5997_JPG_jpg.rf.ff0ef6e0be7856c213aebe393fea8b9e.jpg
94189e912f1631b2c92f52a541d3a6c3,train/DSC_6001_JPG_jpg.rf.678a21b6c167768848cb558065db04dc.jpg | train/DSC_6001_JPG_jpg.rf.6bf356804f17c09527774017ea2b49d2.jpg
76fb910b572a3b3b19a3a21d097a0e09,train/DSC_6008_JPG_jpg.rf.53be05e64627b0710e819e02053d3173.jpg | train/DSC_6008_JPG_jpg.rf.68f58064b9e6bb7143cdb240c0bff47f.jpg
97784a4732c5a9f7e325658eae054cf3,train/DSC_6010_JPG_jpg.rf.5b0340d3d75512a4034b53b843d24c42.jpg | train/DSC_6010_JPG_jpg.rf.9fc5598605e6061e30a739ac10439111.jpg
b0ad389aa28fd3b052a4327e39f5b604,train/DSC_6013_JPG_jpg.rf.a3396778e817a45c620a1da672e616b7.jpg | train/DSC_6013_JPG_jpg.rf.a356159f3d7297dca5857d8c84887b71.jpg
7273b36d79234b6f2ab5e1f38d7a3f2f,train/DSC_6027_JPG_jpg.rf.2ee3cfc62df2355ebfc4bd50b2e103e4.jpg | train/DSC_6027_JPG_jpg.rf.ba868091d0698ed31717ec767dbee722.jpg
a5818f8c6688df242e4df19e239cab97,train/DSC_6036_JPG_jpg.rf.363ffedbd3cd096be6345a862e38612e.jpg | train/DSC_6036_JPG_jpg.rf.6d7ea428e07277c7f1425c580ab2f059.jpg
82f723146682851ef2bf8c6e0e87e004,train/DSC_6038_JPG_jpg.rf.cd6292e88263cece4a7f99a9212245f3.jpg | train/DSC_6038_JPG_jpg.rf.e88b2a8c838b92ae2bb9aae5b54eef8f.jpg
0a3104a03ce265d1f20a28dd9fb40343,train/DSC_6045_JPG_jpg.rf.5a8b07cace2a5187dfad8767068c4669.jpg | train/DSC_6045_JPG_jpg.rf.c80c4eb5e3b06b219842701436c3b979.jpg
76b8550e122a5969cefc0a153f3fa3c5,train/DSC_6049_JPG_jpg.rf.756539a2c3475e11627bb6e854bbfc5d.jpg | train/DSC_6049_JPG_jpg.rf.dfff32e03cd152bbdcd413512c181f2e.jpg
a5c2b2d70472c3174b963c93b4edaac6,train/DSC_6050_JPG_jpg.rf.95b8120449e970930cf26001bec5d8b4.jpg | train/DSC_6050_JPG_jpg.rf.d6faf73cfe486e1cea996640a05df839.jpg
816d6806b7f96a02e7b18597da6e91e0,train/DSC_6137_JPG_jpg.rf.5c363f3dc5a45904725d34bd1c057772.jpg | train/DSC_6137_JPG_jpg.rf.74a74098b00a31b91b478998c78f0f4c.jpg
3ba9398e73b7ab2530d990ebf6f4cbed,train/DSC_6138_JPG_jpg.rf.408e00ea871f401fd34bce1cfc302714.jpg | train/DSC_6138_JPG_jpg.rf.e1feaf9bece0842392cd3a52d58d60f0.jpg
a50697451d8013557d335d60ee8019d1,train/DSC_6143_JPG_jpg.rf.7368812ec4f57c0304cf140266228ef2.jpg | train/DSC_6143_JPG_jpg.rf.9ca63581371a8b962aefdd161a62547f.jpg
70c81822e64e219514d1bacc95a68680,train/DSC_6147_JPG_jpg.rf.0e9987d13cfe559f68e5d1d073aaea98.jpg | train/DSC_6147_JPG_jpg.rf.8c7e36f6c73b99c8642c07b8f501b528.jpg
4e1dfb6f6a637d4c77be1b124ebc5ed7,train/DSC_6151_JPG_jpg.rf.2f9b0c38536376f155067a1e174ccfe2.jpg | train/DSC_6151_JPG_jpg.rf.926d028f9c099dd5599f435d41e60583.jpg
1e2ed7a60a130bcb3a3b561a2e9f3a64,train/DSC_6152_JPG_jpg.rf.1d96e8df7045eb161f58b00c13945a28.jpg | train/DSC_6152_JPG_jpg.rf.eea50d426681ffe5ea1b04b8f1c38709.jpg
048b8cc9fcd09ec59e4b65853d7c4135,train/DSC_6153_JPG_jpg.rf.76e5c3231817ca9558c8bfd35d03196a.jpg | train/DSC_6153_JPG_jpg.rf.b126411ca526fefc45eede4025119f60.jpg
efcdaaac810fd2919e4ac87ecd240c32,train/DSC_6188_JPG_jpg.rf.6db6c60d18454f24079db5eff4bed071.jpg | train/DSC_6188_JPG_jpg.rf.f7dfec0b5faf060b9320ad98c0797cc1.jpg
6303da9ea0ac9f0349a24313a87b8afc,train/DSC_6188_JPG_jpg.rf.87a9d2386a500cec3bce1f71a495b384.jpg | train/DSC_6188_JPG_jpg.rf.dba0635cf2c4d6a36f397b253b240c74.jpg
cef871a5b3c461fdd0a256dc0368bed3,train/DSC_6188_JPG_jpg.rf.89a8b7d728cdf7226d81ca302e41bdf6.jpg | train/DSC_6188_JPG_jpg.rf.ca9f561caf72bd5f87a20df9e92436e1.jpg
ebd96f737eb590866d3db5c1e265d205,train/DSC_6190_JPG_jpg.rf.0c7d3225a2aa441f0f5ca6e07fbb9acd.jpg | train/DSC_6190_JPG_jpg.rf.c867a50d21c8d4db658f9a2b2c180a25.jpg
daeb3f5bacd990283c1a172910527d9e,train/DSC_6190_JPG_jpg.rf.d6de9f95d22ef3e8806a352192197110.jpg | train/DSC_6190_JPG_jpg.rf.e1e6eaa144d3c1a242586f1c08ec5143.jpg
5cc693ffa8dba235f2266a1555846f58,train/DSC_6192_JPG_jpg.rf.0140a12b39ac7e48b0f9b17dce844b21.jpg | train/DSC_6192_JPG_jpg.rf.2cdd81f03071e7162ca296ae3d159d5c.jpg
e72a855b490b1bad8070f75152327d78,train/DSC_6192_JPG_jpg.rf.17782627febc1d94492326b698d7b734.jpg | train/DSC_6192_JPG_jpg.rf.b4aee19b9805e39068895b91eae8cccf.jpg
