a,b,hamming
train/DSC_6134_JPG_jpg.rf.282215c8571ac0c747f5eb9b4dff9f71.jpg,train/DSC_6175_JPG_jpg.rf.8de1e7941a0ae7f5c68c94438f9bc9e7.jpg,3
train/DSC_6151_JPG_jpg.rf.44390f32df4cbef7719b751af290e21a.jpg,train/DSC_6204_JPG_jpg.rf.440404c1886a02a67e20083942390e34.jpg,2
valid/DSC_5704_JPG_jpg.rf.089dd7150866d8d73699f54d9dcf7655.jpg,valid/DSC_5705_JPG_jpg.rf.7868b816da2ecd21432955aa95b1123f.jpg,0
valid/DSC_5738_JPG_jpg.rf.9b86bc4f2d87c468099372a061276138.jpg,valid/DSC_5740_JPG_jpg.rf.f88d68f965760d1b07c1226c86821d7a.jpg,3
valid/DSC_5787_JPG_jpg.rf.834a1086c94030fb8259f5ca8e6c2a03.jpg,valid/DSC_5790_JPG_jpg.rf.252fe3f7d5da8e92845dd441dd51b0f0.jpg,3
valid/DSC_5800_JPG_jpg.rf.d7153f435b8377e3fdc75a650dfdf550.jpg,valid/DSC_5804_JPG_jpg.rf.3c94ad1c2d8ff0c9c94f92c89f3d6666.jpg,4
valid/DSC_6042_JPG_jpg.rf.61e7728951fe790e0681b0984c94b03d.jpg,valid/DSC_6057_JPG_jpg.rf.8bed5573ef074cf8d901278a894ac7eb.jpg,4
valid/DSC_6094_JPG_jpg.rf.edd7ce425b91625766bd95f058dea58e.jpg,test/DSC_6095_JPG_jpg.rf.3343013706e4d0ba8e8dd6e0f542d462.jpg,4
valid/DSC_6158_JPG_jpg.rf.bca4a02870cdbbcd3930962552b57d8f.jpg,valid/DSC_6159_JPG_jpg.rf.cbcb6ac4a0ad95341a8ec614f64a0dd9.jpg,2
valid/DSC_6159_JPG_jpg.rf.cbcb6ac4a0ad95341a8ec614f64a0dd9.jpg,valid/DSC_6160_JPG_jpg.rf.1965bc2a55450d8f60f8ce489d8ec068.jpg,3
valid/DSC_6160_JPG_jpg.rf.1965bc2a55450d8f60f8ce489d8ec068.jpg,valid/DSC_6184_JPG_jpg.rf.94c00a01ed823112215dbfdd64a52f59.jpg,4
valid/DSC_6160_JPG_jpg.rf.1965bc2a55450d8f60f8ce489d8ec068.jpg,valid/DSC_6187_JPG_jpg.rf.c890e72d775a1d5da271f73f7dda6bee.jpg,4
valid/DSC_6169_JPG_jpg.rf.3e86517ebc229c48d5bb3e4035682d55.jpg,valid/DSC_6170_JPG_jpg.rf.0306c158999c552e95b543f0cd5a08ea.jpg,0
valid/DSC_6169_JPG_jpg.rf.3e86517ebc229c48d5bb3e4035682d55.jpg,valid/DSC_6171_JPG_jpg.rf.de613a8e818682202d0ed7abb7c693b7.jpg,4
valid/DSC_6170_JPG_jpg.rf.0306c158999c552e95b543f0cd5a08ea.jpg,valid/DSC_6171_JPG_jpg.rf.de613a8e818682202d0ed7abb7c693b7.jpg,4
valid/DSC_6176_JPG_jpg.rf.53037a5bd6d166434f0c7f723c6d7e3d.jpg,valid/DSC_6178_JPG_jpg.rf.c066f2758e0077ae7ef2066e7da5f489.jpg,4
valid/DSC_6180_JPG_jpg.rf.1919b427d29cf3cd9ad570baf5dfad66.jpg,valid/DSC_6181_JPG_jpg.rf.ad6741574766ce4cb822666abd6ca7d4.jpg,4
valid/DSC_6184_JPG_jpg.rf.94c00a01ed823112215dbfdd64a52f59.jpg,valid/DSC_6185_JPG_jpg.rf.30a6ba29aa21c169d23fc251417b970a.jpg,3
valid/DSC_6184_JPG_jpg.rf.94c00a01ed823112215dbfdd64a52f59.jpg,valid/DSC_6187_JPG_jpg.rf.c890e72d775a1d5da271f73f7dda6bee.jpg,2
valid/DSC_6185_JPG_jpg.rf.30a6ba29aa21c169d23fc251417b970a.jpg,valid/DSC_6187_JPG_jpg.rf.c890e72d775a1d5da271f73f7dda6bee.jpg,1
test/DSC_6065_JPG_jpg.rf.6e2252ae7fe7e73d241c368c5582e025.jpg,test/DSC_6074_JPG_jpg.rf.439917a3b224a3b9adf66c3962820743.jpg,3
test/DSC_6098_JPG_jpg.rf.bf22f3cbda0ed64a0394f82aea630c4f.jpg,test/DSC_6099_JPG_jpg.rf.a853c5e842a89795684d5059808b22bf.jpg,4
test/DSC_6105_JPG_jpg.rf.d1ced5f24766de80e200829dc66aa4a7.jpg,test/DSC_6106_JPG_jpg.rf.92390d2a4c0e1203943d40ba85815eb1.jpg,2
test/DSC_6110_JPG_jpg.rf.b0b1a35a687d1705c5a6c189d5c556f4.jpg,test/DSC_6111_JPG_jpg.rf.431d001b48a5ff52c2baecdab629568b.jpg,2
