split,image
train,DSC_5682_JPG_jpg.rf.f834b31179733679e673f96f6eaa16c2.jpg
train,DSC_5687_JPG_jpg.rf.cbbc0144cfa5c39db2557a41ffe0cabc.jpg
train,DSC_5690_JPG_jpg.rf.9a31f742ab45d1febb3f34d7400bae26.jpg
train,DSC_5693_JPG_jpg.rf.dab05fd787510e4b42fe7010d53d0438.jpg
train,DSC_5694_JPG_jpg.rf.681cbca1d151d66ac7bcb33f2c7c9947.jpg
train,DSC_5706_JPG_jpg.rf.dec603a734c32904217bafa0042fd579.jpg
train,DSC_5712_JPG_jpg.rf.d7a00368377238f4497d381cbe5bf9c6.jpg
train,DSC_5716_JPG_jpg.rf.d407076768425ab86d13bdacc4e3cd94.jpg
train,DSC_5717_JPG_jpg.rf.e444125de22fa078f8b9c9568057c1ef.jpg
train,DSC_5719_JPG_jpg.rf.3d935b8ac9bd0ede27e3b05f8b96a6a3.jpg
train,DSC_5720_JPG_jpg.rf.3724552bd887ce5c2c02bd1f8c754f07.jpg
train,DSC_5726_JPG_jpg.rf.b633c784efa8edf264697ce8ac42f0d5.jpg
train,DSC_5727_JPG_jpg.rf.879b2d2c4aba6a8eef75ed9cf9a66ea0.jpg
train,DSC_5739_JPG_jpg.rf.dc5868658aceeee854d086ba4c8457de.jpg
train,DSC_5742_JPG_jpg.rf.f0c657242354d0c0a1c91a2e466ec9ce.jpg
train,DSC_5752_JPG_jpg.rf.4fdf3a092669cbde5f0964a05d814599.jpg
train,DSC_5752_JPG_jpg.rf.a904194293bf299a071504e73cd27b59.jpg
train,DSC_5759_JPG_jpg.rf.9463ebc22421767e5dddae84d0ea8610.jpg
train,DSC_5762_JPG_jpg.rf.84ffbc47242445eee2531863eb141563.jpg
train,DSC_5764_JPG_jpg.rf.e5c25c86e41cc0118d2ece00bb98a311.jpg
train,DSC_5768_JPG_jpg.rf.d0b2fc3068c1c3f2451db01cd4643ef0.jpg
train,DSC_5771_JPG_jpg.rf.8d539540ab9a254c5ad5b3c50d3d9934.jpg
train,DSC_5773_JPG_jpg.rf.cb5598a750c1b252574fcb98eb5b88d4.jpg
train,DSC_5779_JPG_jpg.rf.fd7aacb528a95ced36e4294e1d094164.jpg
train,DSC_5784_JPG_jpg.rf.d6b080545cf4c18e644ecbb9028b11e6.jpg
train,DSC_5784_JPG_jpg.rf.de96a7a3698c27556bc20af24f6aa123.jpg
train,DSC_5791_JPG_jpg.rf.39860e85a139530168bc8b9e14a385e1.jpg
train,DSC_5799_JPG_jpg.rf.cd89012303a05346340edcd5fc878268.jpg
train,DSC_5801_JPG_jpg.rf.4556f36ca08d398badb212e3c6234f09.jpg
train,DSC_5805_JPG_jpg.rf.62eac8565acd6e7441b059d7c5564e2d.jpg
train,DSC_5807_JPG_jpg.rf.e0c9ce137fb08ba18d8863018a4a765d.jpg
train,DSC_5815_JPG_jpg.rf.5dd4f182372352c99b03cfee54bcd4dc.jpg
train,DSC_5820_JPG_jpg.rf.e98d2cc1dc2adffea2a459dc9317fd14.jpg
train,DSC_5826_JPG_jpg.rf.929264a8d02bfe26f11a587c2746d46f.jpg
train,DSC_5828_JPG_jpg.rf.709cbaa23a9e7f7605b458a04ec2c9ab.jpg
train,DSC_5831_JPG_jpg.rf.8a82a26fad46d86956454452e16a5967.jpg
train,DSC_5835_JPG_jpg.rf.eedd505c0e6214b9a19af4367948aeef.jpg
train,DSC_5838_JPG_jpg.rf.b37cd4a7003c74f6f1ce3a7f95f4f478.jpg
train,DSC_5839_JPG_jpg.rf.fb1bd50be69e5e3c66a62376025280e0.jpg
train,DSC_5844_JPG_jpg.rf.40f1e4fb6843bba2aba723f26c80b179.jpg
train,DSC_5844_JPG_jpg.rf.7b95b621581b101669d98636b9caf5e8.jpg
train,DSC_5845_JPG_jpg.rf.dc054e30fc116f492f0746c7e2b3b5ed.jpg
train,DSC_5849_JPG_jpg.rf.eef030569b6d7b34120bfb75541b9e98.jpg
train,DSC_5850_JPG_jpg.rf.bd55dc18bcbe3f32f4e7cff3f0f6a086.jpg
train,DSC_5854_JPG_jpg.rf.e2f624a479286fe7b2ddbffaa51d2d79.jpg
train,DSC_5861_JPG_jpg.rf.87a28d037c01b5bca2ff89f2772ef33f.jpg
train,DSC_5874_JPG_jpg.rf.ca6e7cf0016b15ffb0a0290b15560af5.jpg
train,DSC_5875_JPG_jpg.rf.7d85c008241a683c04f5eba3af4fe27e.jpg
train,DSC_5876_JPG_jpg.rf.3877ab3f3797fc81dd180699e41c4ba3.jpg
train,DSC_5880_JPG_jpg.rf.e6d16489d39b24647391eb10363f6ac3.jpg
train,DSC_5881_JPG_jpg.rf.788f5ae3dc751413a5bb28f08277ebcd.jpg
train,DSC_5881_JPG_jpg.rf.d984fe023139e449cc8368bf548c7750.jpg
train,DSC_5884_JPG_jpg.rf.3e6dc7ac9dc51a101127b4279d0a99a6.jpg
train,DSC_5884_JPG_jpg.rf.9c46c430fc522d321683563c26f570c5.jpg
train,DSC_5884_JPG_jpg.rf.c13a556fbeaf602391326c6c92877b0a.jpg
train,DSC_5890_JPG_jpg.rf.49d8f05142b070b37caac5769f0a4775.jpg
train,DSC_5892_JPG_jpg.rf.f4ee94500c4f1ab7ba6d1da184da4feb.jpg
train,DSC_5903_JPG_jpg.rf.5489b9a07bdea7cce6e00b7f24d1934a.jpg
train,DSC_5905_JPG_jpg.rf.97af07ff28d0cce290ae9a90833d2ad4.jpg
train,DSC_5907_JPG_jpg.rf.aabf3683b2280df46fbc010a898b4e06.jpg
train,DSC_5916_JPG_jpg.rf.388d6c986f36153e3cfbcf3f49e299dc.jpg
train,DSC_5920_JPG_jpg.rf.b0c0401003321dfe7e83d011c0347536.jpg
train,DSC_5923_JPG_jpg.rf.7c058ca54fd5ba8113e25a94280a88fa.jpg
train,DSC_5926_JPG_jpg.rf.e08a20fc2fbfa56b2c95f2c68065051f.jpg
train,DSC_5939_JPG_jpg.rf.a02fe8ff12391712d631e57d87b18c6c.jpg
train,DSC_5946_JPG_jpg.rf.e58b5556b7d915226f5964199766bf57.jpg
train,DSC_5951_JPG_jpg.rf.dfbfa4061dfd25ba25ccd699272c2899.jpg
train,DSC_5960_JPG_jpg.rf.8e50a34c8665c7b466e88818743873a7.jpg
train,DSC_5971_JPG_jpg.rf.7803476567fb05fcf0039b5e581b18ca.jpg
train,DSC_5977_JPG_jpg.rf.9d742b015aac341bc025a44e0a23ec9a.jpg
train,DSC_5980_JPG_jpg.rf.598dc243e3a177ef9a06a812e8976f96.jpg
train,DSC_5982_JPG_jpg.rf.ac0b36e29637f8bd2c19fcfc5d22a19d.jpg
train,DSC_5984_JPG_jpg.rf.cf9e7dc5cde0b1a7f43136a32948dd52.jpg
train,DSC_5985_JPG_jpg.rf.5b1cc06c5f726ce4c47abeed1a7df1d8.jpg
train,DSC_5997_JPG_jpg.rf.ff0ef6e0be7856c213aebe393fea8b9e.jpg
train,DSC_6001_JPG_jpg.rf.6bf356804f17c09527774017ea2b49d2.jpg
train,DSC_6008_JPG_jpg.rf.68f58064b9e6bb7143cdb240c0bff47f.jpg
train,DSC_6010_JPG_jpg.rf.9fc5598605e6061e30a739ac10439111.jpg
train,DSC_6013_JPG_jpg.rf.a356159f3d7297dca5857d8c84887b71.jpg
train,DSC_6027_JPG_jpg.rf.ba868091d0698ed31717ec767dbee722.jpg
train,DSC_6036_JPG_jpg.rf.6d7ea428e07277c7f1425c580ab2f059.jpg
train,DSC_6038_JPG_jpg.rf.e88b2a8c838b92ae2bb9aae5b54eef8f.jpg
train,DSC_6045_JPG_jpg.rf.c80c4eb5e3b06b219842701436c3b979.jpg
train,DSC_6049_JPG_jpg.rf.dfff32e03cd152bbdcd413512c181f2e.jpg
train,DSC_6050_JPG_jpg.rf.d6faf73cfe486e1cea996640a05df839.jpg
train,DSC_6137_JPG_jpg.rf.74a74098b00a31b91b478998c78f0f4c.jpg
train,DSC_6138_JPG_jpg.rf.e1feaf9bece0842392cd3a52d58d60f0.jpg
train,DSC_6143_JPG_jpg.rf.9ca63581371a8b962aefdd161a62547f.jpg
train,DSC_6147_JPG_jpg.rf.8c7e36f6c73b99c8642c07b8f501b528.jpg
train,DSC_6151_JPG_jpg.rf.926d028f9c099dd5599f435d41e60583.jpg
train,DSC_6152_JPG_jpg.rf.eea50d426681ffe5ea1b04b8f1c38709.jpg
train,DSC_6153_JPG_jpg.rf.b126411ca526fefc45eede4025119f60.jpg
train,DSC_6188_JPG_jpg.rf.ca9f561caf72bd5f87a20df9e92436e1.jpg
train,DSC_6188_JPG_jpg.rf.dba0635cf2c4d6a36f397b253b240c74.jpg
train,DSC_6188_JPG_jpg.rf.f7dfec0b5faf060b9320ad98c0797cc1.jpg
train,DSC_6190_JPG_jpg.rf.c867a50d21c8d4db658f9a2b2c180a25.jpg
train,DSC_6190_JPG_jpg.rf.e1e6eaa144d3c1a242586f1c08ec5143.jpg
train,DSC_6192_JPG_jpg.rf.2cdd81f03071e7162ca296ae3d159d5c.jpg
train,DSC_6192_JPG_jpg.rf.b4aee19b9805e39068895b91eae8cccf.jpg
